obj,museum,text,label
http://data.silknow.org/object/0048d58e-d10c-332d-8c12-9faf38de6390,cer,"Prenda de cabeza de forma semicircular realizada con dos piezas de tejido, la menor colocada en sentido transversal, con ligamento de seda de color salmón con decoración realizada en seda azul, verde, blanca e hilos metálicos de plata y plata sobredorada. La decoración principal se reparte alternándose en bandas, en las que se suceden los ramos vegetales en azul y blanco con león rampante en hilo dorado, con otras en las que aparece el mismo ramo vegetal en este caso verde y un ave empenachada en hilo de plata. Los espacios resultantes se completan con pequeñas ramitas con hojas y frutos que se alternan según la hilera con ovejas adornadas con lazo y pequeños jabalíes.   
La prenda aparece rematada perimetralmente por puntilla de encaje tipo Puntos de España realizada con hilo metálico de plata sobredorada.",'Silver thread'
http://data.silknow.org/object/e33b8e45-0ce5-3c45-85ce-67ad8bcc791c,cer,"Cubrecáliz realizado con seis piezas de tejido Pequín en el que se combinan bandas verticales de motivos de dirección contrapuesta en terciopelo cortado y tramas de lamé de plata, que se separan entre sí por estrechas hileras de sarga de seda de color marfil. La decoración alterna diminutos y esquemáticos ramitos florales con motivos geométricos en V. El interior está forrado con tejido de tafetán de seda de color marfil.",'Silver thread'
http://data.silknow.org/object/e038aa9f-bee2-38a7-8f64-26c150b4280f,cer,"Paño cuadrangular confeccionado con tejido de terciopelo de seda de color verde botella decorado con bordado de aplicación de temática heráldica realizado combinando tejidos de tafetán de seda en ocre y marfil y bordado de hilos tendidos de plata sobredorada y al pasado plano con hilos de seda en verde y beige. En el centro, se dispone una cartela con lambrequines en cuyo centro aparece un escudo partido, armado con corona de marqués y con aguila coronada, explayada y acolada.  En el de la diestra y sobre fondo de oro, pueden verse cinco hojas de sinople. En el de la siniestra, sobre fondo de oro, tres fajas probablemente de gules. Rodeando el motivo central, una greca tambien de aplicación con dos cintas serpenteantes entrelazadas adornadas con roleos en hilos entorchados.  
A lo largo del borde superior e inferior se han añadido,  posiblemente en época posterior, dos bandas de terciopelo estampillado con motivos de losanges con flores de lis inscritas, la inferior más ancha. Rematando el perímetro, un galón de seda verde e hilos dorados.  
Por el reverso, forro de tafetán de cáñamo.  
  
Forma juego con las piezas DE996B y DE997B.",'Gold thread'
http://data.silknow.org/object/d83f914b-932d-33b3-b0fe-f98a3779bedf,cer,"De forma cuadrada con armazón interior de cartón cubierto por tejido de tafetán de seda de color verde con decoración bordada con la técnica de hilos tendidos realizada con láminas de plata y plata sobredorada, hilos tipo muestra y canutillo igualmente de plata y plata sobredorada y lentejuelas de distintos tamaños y con formas redondas y floreadas. Sobre el fondo e inscrito en fina orla, se coloca un jarrón con gran palma central flanqueada por dos ramas que caen  hacia la base, como único motivo decorativo y que ocupa toda la superficie.  El reverso está cubierto por tejido de tafetán de lino de color blanco.",'Silver thread'
http://data.silknow.org/object/d6badd88-baf5-380b-a302-478042787a33,cer,Renacimiento,'Gold thread'
http://data.silknow.org/object/d0267721-8376-334b-8d56-ddb32abad5fd,cer,Renacimiento,'Gold thread'
http://data.silknow.org/object/44b28dae-ba65-3656-b1df-0ac081091b51,cer,Arte Asiático   Dinastía Qing [1644-1911],'Vegetable fibre'
http://data.silknow.org/object/c8bad265-3e81-3911-be97-7f76a4b50eb9,cer,Estructura (elemento mobiliario): Edad Contemporánea   Tapicería (elemento mobiliario): Edad Moderna,'Vegetable fibre'
http://data.silknow.org/object/4a665a8e-a35a-3680-a34e-f2c7a6fa70a2,cer,"Imagen de Cristo crucificado de tres clavos, muerto, con  la cabeza coronada de espinas inclinada sobre la parte derecha del pecho, paño de pureza que rodea y se ajusta al cuerpo recogiéndose en ambos costados, con nudos de los que cuelga formando pliegues, cruz latina  con cartela rectangular con inscripción que se clava en la parte superior del larguero.  
El cuerpo  está bordado al realce con la técnica al pasado, en seda lasa de distintos colores actualmente muy decolorados, utilizándose punto de matiz y de hábito. Este bordado se ha ejecutado sobre una base preparada con materiales interiores de relleno con los que se consigue el relieve de la figura, pudiéndose apreciar de abajo a arriba los siguientes estratos: lienzo de tafetán de lino, cartón fino de color blanco, dos capas de tejido de tafetán de lana de color amarillo, crin de caballo y tafetán de lino sobre el que se han practicado las puntadas y en el que puede verse, merced  a las abundantes pérdidas de los hilos de bordado,  el dibujo  subyacente que sirve de guía apreciándose un esquemático estudio anatómico de la figura.   
Por su parte la cruz está realizada con la técnica de bordado en metal plano de hilos tendidos que combinan distintos efectos decorativos con los que se consigue los efectos de volumen, realizados con hilos metálicos de plata sobredorada aplicados igual que en el caso anterior sobre una base compuesta con los siguientes materiales de relleno: tejido de tafetán de lino, cartón fino de color blanco, tafetán de lino y para los cantos además, pasadas de hilos de cáñamo de torsión ""Z"". El perímetro de la pieza está contorneada con un haz de hilos de lino de color rojo, sujetos con punto de hábito, mientras la corona de espinas está bordada con cordoncillo de color verde.",'Gold thread'
http://data.silknow.org/object/c5fe25ee-128f-31c7-a611-f23432311b21,cer,"Manípulo realizado con cinco piezas de tejido compuesto con fondo de raso de seda de color granate y decoración de tramas lanzadas de hilo tipo muestra de plata sobredorada, con las que se forma la ornamentación de carácter vegetal a base de cardos y granadas que cubre la superficie. En el centro de la banda aparece una cruz latina confeccionada con galón de plata sobredorada, mientras los extremos inferiores de la pieza están decorados con sendos galones dorados de pasamanería, de los que el inferior es ligeramente más ancho y rematado con flecadura. En la zona central de cada una de las caídas se han aplicados galones trenzados de seda granate e hilo entorchado rematados con borlas con los que se cierra la pieza formando una presilla. Forro de tafetán de seda de color granate.",'Gold thread'
http://data.silknow.org/object/c06ade5c-372c-38a7-8991-2e301ececbce,cer,Edad Contemporánea,'Silver thread'
http://data.silknow.org/object/baf2af58-c998-320b-87d6-87be895e0306,cer,Edad Moderna,'Vegetable fibre'
http://data.silknow.org/object/b0de94f5-870b-3c11-869b-cc9b1cffad6e,cer,Tapicería (elemento mobiliario): Edad Moderna   Estructura (elemento mobiliario): Edad Contemporánea,'Vegetable fibre'
http://data.silknow.org/object/58c6d415-91b5-3ca4-9025-efa8162fa1b7,cer,"Manípulo realizado con tres piezas de tejido compuesto con fondo de Gros de Tours en seda de color verde y tramas de lamé de plata y decoración de tramas lanzadas de hilo entorchado de plata sobredorada con alma de seda amarilla. La ornamentación de carácter vegetal a base de pequeños ramos florales aislados se dispone al tresbolillo por toda la superficie. En el centro de la banda aparece una cruz griega confeccionada con galón dorado de pasamanería de motivo geométrico con el que se contornea también el perímetro de las puntas y se realiza el aspa que une las dos bandas de la pieza, cerrándola y formando la presilla por la que se introduce el brazo. Forro formado por tres piezas de tejido Gros de Tours en seda de color verde.",'Gold thread'
http://data.silknow.org/object/59a1076c-a8b7-3d64-bed1-ddc45dc8554a,cer,"Estola realizada en terciopelo cincelado con efecto de reserva en seda de color granate burdeos con decoración a base de ramos florales con pequeños frutos que se suceden en bandas de manera alternada y contrapeada. En el centro de la banda aparece una cruz griega confeccionada con galón dorado de pasamanería de motivo geométrico con el que se contornea también el perímetro de las puntas. Coincidiendo con la zona en contacto con el cuello, presenta sobrepuesta una tira de refuerzo de tafetán de lino de baja densidad, rematada por la parte exterior con línea de vainica y estrecha puntilla de encaje de bolillos. Forro compuesto por tres piezas de tejido de lino de color parduzco ligeramente encerado.",'Gold thread'
http://data.silknow.org/object/5aa12d85-3619-32eb-b056-d3506424d2c0,cer,"Forma parte junto con las piezas E03043, E02995 y E03120 y E07195 de un disfraz de albanés que lució el conde de Eu, hijo del infante duque de Montpensier, en la fiesta de disfraces que organizaron en Madrid los condes de Fernán Núñez. Este disfraz está documentado en la pintura DE01359b, obra de Leopoldo Sánchez del Bierzo.",'Gold thread'
http://data.silknow.org/object/a2c02d3e-6be1-37fa-884f-29d3fa5711a5,cer,Edad Contemporánea,'Gold thread'
http://data.silknow.org/object/6ce334ac-0d4f-3b83-ae90-c58d8b8ccb9f,cer,"Prenda de busto realizada en tejido Gros de Tours en seda de color azul cobalto con tramas lanzadas de lamé de plata. Su forma es semicircular con pequeña escotadura en la parte posterior del cuello y con los picos delanteros levemente prolongados a modo de pequeñas caídas de vértices redondeados. La decoración se forma mediante la aplicación de cintas de recorrido ondulante, bordeadas por puntillas de encaje torchón con motivos de grandes hojas. Para las cintas que discurren en torno al cuello y al borde inferior se ha utilizado el mismo tejido azul de lamé de plata mientras que para la que bordea perimetralmente la prenda, se ha utilizado tejido de raso de color verde claro, perfilado por la parte superior con estrecho galón de tafetán de seda amarillo ligeramente desflecado. Sobre ellas y a intervalos regulares pequeños madroños realizados con sedas polícromas. Parejas de tres lazos de raso de seda salmón ribeteados con puntilla se disponen a cada lado de la abertura del delantero y otro en el centro de la parte posterior del cuello.  
El interior de la prenda está forrado con tejido de tafetán de seda de color rosa.",'Silver thread'
http://data.silknow.org/object/6d9179b3-3b12-33bf-87ee-342b8f83a60d,cer,"Estola realizada con seis piezas de tejido compuesto con fondo de raso de seda de color granate y decoración de tramas lanzadas de hilo tipo muestra de plata sobredorada, con las que se forma la ornamentación de carácter vegetal a base de cardos y granadas que cubre la superficie. En el centro de la banda aparece una cruz latina confeccionada con galón de plata sobredorada mientras los extremos inferiores de la pieza están decorados con sendos galones dorados de pasamanería, de los que el inferior, es ligeramente más ancho y rematado con flecadura. Forro de tafetán de seda de color granate.",'Gold thread'
http://data.silknow.org/object/9bfcb8ac-3263-30be-9fdf-a3d69fe0565b,cer,"Estola confeccionada con tejido de raso de seda de color marfil reforzado interiormente con tafetán de lino y rematada por los bordes laterales con una cinta de seda beige de tejido acanalado tipo Lousine. La superficie se cubre con decoración bordada al pasado plano con punto al matiz en sedas lasas en distintas tonalidades de marrón, azul, verde y amarillo y en metal de hilos tendidos, hojuelas y lentejuelas, combinándose distintas tipologías de hilos como el muestra, el camaraña y el giraspe en azul y beige. La ornamentación se extiende por toda la cinta en forma de rama florida serpenteante repitiéndose tres variedades de flor. Las puntas, presentan en el centro una cruz con motivos vegetales y finos roleos y por el borde greca perimetral bordada, que alterna hilos tipo muestra y camaraña con hojuelas. La zona del cuello está reforzada con una banda de tejido de tafetán de seda color marfil que que protege la mitad de la cara anterior volviéndose hacia el reverso. Presenta forro de raso del mismo color.  
  
Esta pieza es el resultado de una adaptación posterior, en la que se han reaprovechado fragmentos de dos estolas diferentes, concretamente la banda corresponde a una y las puntas trapezoidales a otra. Puede apreciarse que están cofeccionadas con tejidos diferentes, los motivos decorativos están cortados en la zona de unión y los materiales y técnicas también son distintos.  
  
Esta estola forma conjunto con la DE983B.",'Gold thread'
http://data.silknow.org/object/903d4672-90ff-39dc-8c8d-e735104d5edd,cer,Barroco,'Gold thread'
http://data.silknow.org/object/821f599d-581c-360c-abab-52cd7f5d581f,cer,Edad Contemporánea   Edad Moderna,'Vegetable fibre'
http://data.silknow.org/object/283edfbf-9255-3d5e-ad24-5feb2ec68b06,cer,Edad Contemporánea,'Gold thread'
http://data.silknow.org/object/e9897894-bd4d-3507-8cce-4bd4022fc24b,cer,"Manípulo realizado con seis piezas de tejido compuesto con fondo de raso de seda de color granate y decoración de tramas lanzadas de hilo tipo muestra de plata sobredorada, con las que se forma la ornamentación de carácter vegetal a base de cardos y granadas que cubre la superficie. En el centro de la banda aparece una cruz latina confeccionada con galón de plata sobredorada mientras los extremos inferiores de la pieza están decorados con sendos galones dorados de pasamanería, de los que el inferior es ligeramente más ancho y rematado con flecadura. En la zona central de cada una de las caídas se han aplicado galones trenzados de seda granate e hilo entorchado rematados con borlas con los que se cierra la pieza formando una presilla. Forro de tafetán de seda de color granate.",'Gold thread'
http://data.silknow.org/object/7ea334ac-8121-31bc-b6ca-f2b1922a01e7,cer,"Manípulo realizado en terciopelo cincelado con efecto de reserva en seda de color granate burdeos con decoración a base de ramos florales con pequeños frutos que se suceden en bandas de manera alternada y contrapeada. En el centro de la banda aparece una cruz griega confeccionada con galón dorado de pasamanería de motivo geométrico con el que se contornea también el perímetro de las puntas. Forro compuesto de tafetán de lino de color parduzco ligeramente encerado. En el centro cordón trenzado de seda beige, blanca y rosa, cuyos extremos se unen en una borla presentando además presilla de ajuste.",'Gold thread'
http://data.silknow.org/object/00bfd76c-d01e-3636-a8b9-68580c3639ba,cer,"Cubrecáliz realizado con una sola pieza de tejido de lampás con fondo de tafetán de seda marfil y decoración a base de tramas lanzadas en seda verde y marrón y espolinadas en sedas polícromas e hilo metálico de plata sobredorada y lámina también dorada, con las que se crean diversos efectos ornamentales. La decoración que cubre por completo la superficie, se desarrolla a partir de un eje longitudinal de simetría situado en el centro de la pieza donde se sitúa un conjunto vegetal con granadas, flores y hojas que aparece rodeado de guirnaldas de uvas, hojas de parra y motivos florales.  
El interior está cubierto de tejido de tafetán de algodón.",'Gold thread'
http://data.silknow.org/object/031e4d87-4f08-3c29-86c4-e57fc407cd74,cer,"Manga de vestido de imagen de terciopelo cincelado de color granate, decorado con estrechas franjas en las que se alterna el terciopelo liso y el anillado, presentando este último un motivo en zigzag. Bocamanga decorada con aplicación de puntilla de bolillos tipo Puntos de España, realizada con hilo y lámina de plata sobredorada con motivo de florones. Forro interior de tafetán de seda de color beige.",'Gold thread'
http://data.silknow.org/object/eb7890b4-3b30-3916-bf77-3615a16570ab,cer,Rococó,'Silver thread'
http://data.silknow.org/object/1bec15e8-bf94-3a89-979b-bfc6b499dc41,cer,Edad Contemporánea,'Gold thread'
http://data.silknow.org/object/e96bf13b-d338-3393-8271-5087c53346d5,imatex,conserva els 2 voravius,'Vegetable fibre'
http://data.silknow.org/object/a4efcd79-8183-337c-abda-73bf31c2986e,imatex,conserva 1 voraviu,'Vegetable fibre'
http://data.silknow.org/object/a4f513f7-dcae-39a0-9f50-d542334bb9a1,imatex,Teixit d'estil bizarre.,'Gold thread'
http://data.silknow.org/object/a6a1d12e-1156-3824-9565-461ac7cdd80d,imatex,conserva els 2 voravius,'Vegetable fibre'
http://data.silknow.org/object/a7d600a1-a2e2-3adc-aec3-5e83cb4b4992,imatex,conserva 1 voraviu,'Vegetable fibre'
http://data.silknow.org/object/a8ed4ebc-2432-3187-b477-459e53fa6931,imatex,conserva els dos voravius,'Gold thread'
http://data.silknow.org/object/f9fdcdf2-7fae-33cc-80fa-3edb2c774e27,imatex,conserva 1 voraviu,'Vegetable fibre'
http://data.silknow.org/object/ad6c85fe-d543-31e3-83e2-f559efd5efbb,imatex,"Brocatell bicolor, vermell i groc, amb trama de fibra vegetal i ordit de seda. Decoració de motius animals i elements vegetals estilitzats, disposats en simetria.",'Vegetable fibre'
http://data.silknow.org/object/addc8468-5b19-3141-8989-e6de131ecbe4,imatex,conserva fragmets de 1 voraviu,'Vegetable fibre'
http://data.silknow.org/object/ae630514-77da-3b09-9073-0da23a5908c2,imatex,"Decoració destinada a indumentària o parament litúrgic amb la representació alterna en sentit vertical, d'un serafí i del monograma de Crist.",'Vegetable fibre'
http://data.silknow.org/object/ae93a183-fcf7-3152-b1f8-812b6fb15f15,imatex,conserva 1 voraviu?,'Vegetable fibre'
http://data.silknow.org/object/f9b6cd4e-8d24-33f4-b599-a1e30b5d3bc2,imatex,"Fragment de banda que presenta una sanefa central que ocupa la major part del teixit. Aquesta mostra diferents motius geomètrics dels quals en destaca un quadrat amb una estrella de 8 puntes al seu interior. Està emmarcat, per dalt i per baix, d'una sanefa més petita també amb motius geomètrics.",'Vegetable fibre'
http://data.silknow.org/object/f7e9e3c9-9e55-352a-a48a-63a6111e1662,imatex,conserva 1 voraviu,'Vegetable fibre'
http://data.silknow.org/object/faa558f3-b9dd-3d97-9f79-dd0dd4220de8,imatex,conserva restes de 1 voraviu,'Vegetable fibre'
http://data.silknow.org/object/aec0bed0-2729-3150-9670-a5874db91cf0,imatex,conserva 1 voraviu?,'Vegetable fibre'
http://data.silknow.org/object/b0a9e36d-e7eb-3735-9ddb-d3b530e63474,imatex,conserva un dels voravius,'Gold thread'
http://data.silknow.org/object/f7b1aac2-a70d-3c7d-835b-79168e97fe00,imatex,conserva els 2 voravius,'Vegetable fibre'
http://data.silknow.org/object/b1e878a6-57c2-3083-8212-7f99c5724636,imatex,"Tafetà de lli.
ORDIT: 27 fils per cm.
TRAMA: 29 passades per cm.",'Vegetable fibre'
http://data.silknow.org/object/b291ba56-3007-3b6f-9935-52cdd1f7eab2,imatex,conserva 1 voraviu,'Vegetable fibre'
http://data.silknow.org/object/b4cc6608-61ba-31fe-95cb-26b25e731bc5,imatex,"Segons la fitxa de la col·lecció Viñas aquesta peça és part del teixit original a partir del qual es van fer les reproduccions del segle XIX (reg.5755 i reg.33) , però hi ha la possibilitat de que aquest teixit sigui també ell una de les reproduccions fetes en aquell moment.

Una d'aquestes còpies es trova documentada a la col•lecció Manuel Gómez-Moreno. La fitxa de la peça surt publicada en el projecte: ""A la luz de la seda"", té el núm. de catàleg: 867, i diu: “Don Manuel Gómez-Moreno hace las siguientes anotaciones en este tejido: Imitación lionesa de tejido bagdadí, hecha a mediados del siglo XIX. Con ella se fabricó una capa que se vendió en Italia, Ancona, y se deshizo. Otro fragmento en la Alhambra. No lleva oro, sino metal que ennegreció. Semejante a uno de la colección Errera del que se copió, el cual tiene oro. Véase la ficha del Museo de la Alhambra R2801, que perteneció también a la Colección de Manuel Gómez-Moreno.”",'Gold thread'
http://data.silknow.org/object/f641e30f-2a5d-3c5d-9f75-f812da27350a,imatex,conserva 2 voravius,'Vegetable fibre'
http://data.silknow.org/object/b59419a3-a198-35a8-a233-31b0f352d2bb,imatex,conserva els 2 voravius,'Vegetable fibre'
http://data.silknow.org/object/b5f57adc-832f-3577-af14-6546e86d57ca,imatex,conserva 1 voraviu,'Vegetable fibre'
http://data.silknow.org/object/b6e5518e-d35a-3ce3-b506-105e977be2bb,imatex,Imatge seriada de l'escena de l'Anunciació de l'àngel a Maria dins d'un emmarcament rectangular.,'Vegetable fibre'
http://data.silknow.org/object/f8c7ff42-fdaa-39be-bd86-09ff51667b66,imatex,Fragment de banda que presenta decoració de fulles entrellaçades.,'Vegetable fibre'
http://data.silknow.org/object/a28a9b96-959a-3575-9dff-acb09709940b,imatex,conserva 1 voraviu,'Vegetable fibre'
http://data.silknow.org/object/9f5bdb06-8487-3828-b95e-b99f7c266c3f,imatex,conserva 1 voraviu,'Vegetable fibre'
http://data.silknow.org/object/85743857-6254-3e7c-ba9d-29bfbb5407d0,imatex,"Conserva el voraviu del costat esquerra.
- vellut tallat llavorat de 1 cos, brocat",'Gold thread'
http://data.silknow.org/object/87a67472-2aef-34d1-bb48-2d3ae2a4ab3e,imatex,conserva fragments de voraviu,'Vegetable fibre'
http://data.silknow.org/object/88503a3a-050b-3f32-9c17-b55a0d659958,imatex,conserva 2 voravius,'Vegetable fibre'
http://data.silknow.org/object/889778f6-ad31-3def-8011-7375410e90e5,imatex,conserva 1 voraviu,'Vegetable fibre'
http://data.silknow.org/object/8b39bffe-f4b4-39a5-99be-9f1a4ca497ea,imatex,"conserva fragments dels 2 voravius, iguals als de la peça núm.registre 437",'Vegetable fibre'
http://data.silknow.org/object/8d347595-e69a-3eb4-b42a-7e1421d6fe55,imatex,conserva 1 voraviu,'Vegetable fibre'
http://data.silknow.org/object/8ed56bb1-9f22-306c-a1f9-21dc7ab825c8,imatex,conserva 1 voraviu,'Vegetable fibre'
http://data.silknow.org/object/fe39f85f-f27c-33dd-bb9a-a911549f2856,imatex,conserva 1 fragment de voraviu,'Vegetable fibre'
http://data.silknow.org/object/948d5600-db6b-3233-ba05-1d63a19b0690,imatex,conserva 1 voraviu,'Vegetable fibre'
http://data.silknow.org/object/95203bae-b8bb-3557-adac-0a73f03f9a0b,imatex,conserva 2 voravius,'Vegetable fibre'
http://data.silknow.org/object/968a78f6-e8bc-3841-b662-a219a2d5903c,imatex,conserva voravius,'Vegetable fibre'
http://data.silknow.org/object/faf98d4e-19b9-39e8-a670-a4950ebe8bc0,imatex,"Fragment d'una banda on apareix la representació d'un animal fantàstic i, possiblement l'arbre de la vida.",'Vegetable fibre'
http://data.silknow.org/object/9790e034-52a9-3617-9cc7-5f109f04c40b,imatex,"Fragment d'una banda rectangular que presenta tres sanefes: a dalt i a baix, unes sanefes estretes amb motius vegetals. Al centre, una sanefa ampla amb animals fantàstics i la representació del que segurament és l'arbre de la vida.",'Vegetable fibre'
http://data.silknow.org/object/986aa452-a6f4-30b5-94c0-756034fab98d,imatex,conserva fragments de 1 voraviu,'Vegetable fibre'
http://data.silknow.org/object/fd10d031-91a7-3358-9d36-4c559739efa4,imatex,conserva els 2 voravius,'Vegetable fibre'
http://data.silknow.org/object/986bdb47-3113-39f1-8a97-438858f3dd6b,imatex,conserva 1 voraviu,'Vegetable fibre'
http://data.silknow.org/object/9aa90635-8f83-3d31-ad18-183005f74a15,imatex,conserva 1 voraviu,'Vegetable fibre'
http://data.silknow.org/object/fc17fbe4-55a8-3651-8279-bfd83c926425,imatex,conserva fragments dels 2 voravius,'Vegetable fibre'
http://data.silknow.org/object/fb6d4ebf-8e47-3cc3-8bba-6695b8f662e4,imatex,conserva 1 voravius,'Vegetable fibre'
http://data.silknow.org/object/9ca948d6-4d86-39dc-add4-f891f7f363b6,imatex,conserva 2 voravius,'Vegetable fibre'
http://data.silknow.org/object/9d44720c-cafc-34a0-adea-f77ed76d5466,imatex,conserva 1 voraviu,'Vegetable fibre'
http://data.silknow.org/object/9dad3889-b3d8-379e-bcd5-dfbc61599cba,imatex,conserva 1 voraviu,'Vegetable fibre'
http://data.silknow.org/object/b79d64ef-8a5d-32bf-9645-64de9a1f77d7,imatex,conserva els voravius,'Vegetable fibre'
http://data.silknow.org/object/98459106-623c-3a52-b3fe-d7011e32bd15,imatex,Es tracta de 2 teixits engantxats i cosits.,'Gold thread'
http://data.silknow.org/object/b7bfbb31-9149-336d-b3e7-95ac3d167936,imatex,conserva un dels voravius,'Vegetable fibre'
http://data.silknow.org/object/b8fcd4e7-0964-3232-b655-14126f3e37fa,imatex,conserva 1 voraviu,'Vegetable fibre'
http://data.silknow.org/object/e9dcf4c2-c1ce-3f85-8a72-ca9b93004b23,imatex,conserva 1 voraviu,'Vegetable fibre'
http://data.silknow.org/object/d41bcaf5-7a23-38d4-b739-bf40e9585147,imatex,conserva els 2 voravius,'Vegetable fibre'
http://data.silknow.org/object/d6179ba7-8d48-330b-b245-a88dbce54e66,imatex,conserva els 2 voravius,'Vegetable fibre'
http://data.silknow.org/object/f005a319-c046-32d0-aeb4-39898d76778a,imatex,conserva 1 voraviu,'Vegetable fibre'
http://data.silknow.org/object/d751e1ad-d1b3-30e0-9406-fa182caa9e22,imatex,conserva un voraviu,'Vegetable fibre'
http://data.silknow.org/object/ede9b521-78e6-37f5-a011-2f21609e52d4,imatex,conserva 1 voraviu,'Vegetable fibre'
http://data.silknow.org/object/d869c637-4ce4-395c-9b38-8d4f05773de8,imatex,conserva 1 voraviu,'Vegetable fibre'
http://data.silknow.org/object/d974dd5e-96ac-31bd-8aaf-60b80044006f,imatex,Teixit que per la seva forma devia ser el collaret d'un conjunt d'indumentària litúrgica.,'Vegetable fibre'
http://data.silknow.org/object/d9f782d6-e629-3c27-89cc-c9fbe6b5b001,imatex,Tafetà de lli.,'Vegetable fibre'
http://data.silknow.org/object/da7bf197-a852-31bf-8f30-67e5704dda8d,imatex,"Fragment d'una banda amb la representació d'una font d'on surten dues grans fulles, al seu voltant hi ha decoració floral.·A la part inferior hi ha una petita sanefa on es repeteix el motiu d'una fulla. Segurament a la part superior es repetia aquesta mateixa sanefa.",'Vegetable fibre'
http://data.silknow.org/object/da96ae5b-8e6f-36c2-84f8-bc35863d4028,imatex,conserva els 2 voravius,'Vegetable fibre'
http://data.silknow.org/object/dc27347a-f65e-3b10-a570-8cd5883d22e2,imatex,conserva 1 voraviu,'Vegetable fibre'
http://data.silknow.org/object/dc51819c-bcc3-3fc5-b26f-d851221c2e8b,imatex,conserva fragments de voraviu,'Vegetable fibre'
http://data.silknow.org/object/dc7d15e1-6207-32a9-b17b-8ddd7ed4d400,imatex,Kain pandjang procedent de l'illa de Djokdja (arxipèlag de la Sonda / Indonesia),'Gold thread'
http://data.silknow.org/object/dd9e4ea0-ecda-346c-b4f4-bc0a23118b8e,imatex,conserva 2 voravius,'Vegetable fibre'
http://data.silknow.org/object/ebaa2c0a-af5a-379a-98c7-fa28769a5b32,imatex,conserva fragments de 1 voraviu,'Vegetable fibre'
http://data.silknow.org/object/e09bbd7b-9b03-3b89-8e53-542f348cc0c3,imatex,conserva 1 voraviu,'Vegetable fibre'
http://data.silknow.org/object/e34d49fc-0d10-34e5-89bd-afdac82d05d6,imatex,conserva 1 voraviu,'Vegetable fibre'
http://data.silknow.org/object/e34f5afb-6063-3a32-ada0-e0df56959fc3,imatex,conserva fragments dels voravius,'Vegetable fibre'
http://data.silknow.org/object/e4d00215-fd7b-3356-89ed-e18ec104dba8,imatex,conserva 1 dels voravius,'Vegetable fibre'
http://data.silknow.org/object/e5f5f20d-81e6-391a-8f8c-0a056ce4dd4e,imatex,conserva 1 voraviu,'Vegetable fibre'
http://data.silknow.org/object/eace8cef-19f4-3100-9afe-fc7cea3bdf09,imatex,conserva 1 voraviu,'Vegetable fibre'
http://data.silknow.org/object/e688b39b-3938-3af8-bcc7-0f4846962da7,imatex,"Banda en disposició de fris. Es troben representats ocells de gran mida, coronats i amb les ales desplegades, situats enfront d'un arbre de la vida col·locat sobre un gran gerro, als peus del qual trobem dues aus de mida més reduïda. Aquest conjunt es repeteix al llarg de la banda, quedant separat cada grup per un motiu de tipus geomètric. Per sobre i per sota del motiu central es repeteix una sanefa amb un motiu floral estilitzat.",'Vegetable fibre'
http://data.silknow.org/object/ea330a2b-0848-3d6d-92e8-560c1e5ac649,imatex,conserva els 2 voravius,'Vegetable fibre'
http://data.silknow.org/object/e709293e-3f4b-39a8-9bf7-bb5f5d569391,imatex,conserva 1 voraviu,'Vegetable fibre'
http://data.silknow.org/object/e733fe14-0145-30c1-b5db-57d3f71c5116,imatex,conserva 1 voraviu,'Vegetable fibre'
http://data.silknow.org/object/d283de35-6484-3943-aba4-6e785ee84272,imatex,conserva els 2 voravius,'Vegetable fibre'
http://data.silknow.org/object/b8ec4a3e-e75a-3647-bb0c-290d52bf9d0a,imatex,Fragment de teixit de seda amb trama d'or. Decoració formada per elements florals disposats a quatre camins alternant flors amb fil de seda i fulles vegetals amb fil d'or.,'Gold thread'
http://data.silknow.org/object/d03a2dc2-c5c2-3e3d-ab9c-64140ad2d708,imatex,conserva un voraviu i inclou una part confeccionada,'Vegetable fibre'
http://data.silknow.org/object/cfb1350e-4de7-3adc-afdf-b8c1c50b4182,imatex,conserva 1 voraviu,'Vegetable fibre'
http://data.silknow.org/object/f600a92e-2704-349f-b530-4b6869bff400,imatex,conserva 1 voraviu,'Vegetable fibre'
http://data.silknow.org/object/bc6ac4f9-d676-3bf6-8553-e4be0520b369,imatex,"Teixit amb la representació de la resurreció de Crist, amb la seva figura triomfant rodejada de serafins sobre el sepulcre buit i dos soldats romans al terra. Emmarcament lateral de sanefa amb petits motius florals.",'Vegetable fibre'
http://data.silknow.org/object/bd7c45d8-2951-38cb-b1ed-1fd653ef7781,imatex,conserva 1 voraviu,'Vegetable fibre'
http://data.silknow.org/object/f5cb41aa-dc19-363f-8d4c-ae5d4c1b50f4,imatex,conserva 2 voravius,'Vegetable fibre'
http://data.silknow.org/object/c157406c-4cda-3ffb-aeb8-6b7da07d1542,imatex,conserva els 2 voravius,'Vegetable fibre'
http://data.silknow.org/object/c399f180-2a86-32a9-afd9-97c5ab4bf686,imatex,conserva 1 voraviu,'Vegetable fibre'
http://data.silknow.org/object/c4cd5842-4b26-31d6-bfe0-68dfb1167fcc,imatex,conserva els 2 voravius,'Vegetable fibre'
http://data.silknow.org/object/f3b7abf9-10e4-337c-bd9e-eb4f274ad6f6,imatex,conserva 1 voraviu,'Vegetable fibre'
http://data.silknow.org/object/f1d8f850-5a5e-3b34-b4b0-bf173d5f6597,imatex,conserva 1 voraviu,'Vegetable fibre'
http://data.silknow.org/object/c6615477-5660-38b8-8271-8dc98f23130b,imatex,conserva els 2 voravius,'Vegetable fibre'
http://data.silknow.org/object/c66aee2a-ed73-3e93-881b-cead775480e0,imatex,conserva els 2 voravius,'Vegetable fibre'
http://data.silknow.org/object/c6c37ccb-57c5-3018-bd36-dadb5439814c,imatex,conserva 1 voraviu,'Vegetable fibre'
http://data.silknow.org/object/c6db91ec-27c1-3060-97b4-a7cafb5d386d,imatex,conserva restes de 1 voraviu,'Vegetable fibre'
http://data.silknow.org/object/c7a3ce6e-08f5-3793-8b74-77307aba8036,imatex,conserva 1 voraviu,'Vegetable fibre'
http://data.silknow.org/object/7ef4a7b8-a87a-3b76-8741-7f0ca40b7a25,imatex,conserva els 2 voravius,'Vegetable fibre'
http://data.silknow.org/object/f166b3ad-31b2-35ce-9ee1-241e6c2f4732,imatex,conserva 1 voraviu,'Vegetable fibre'
http://data.silknow.org/object/c8debcff-2a0a-3c50-b1da-22e3aea7cad1,imatex,conserva 1 voraviu,'Vegetable fibre'
http://data.silknow.org/object/f120fe63-33e1-3836-9253-d1ac8b0e71d5,imatex,conserva fragments dels 2 voravius,'Vegetable fibre'
http://data.silknow.org/object/c92de52b-b618-3a9b-ba36-e24ac1f49d8c,imatex,conserva 1 voraviu,'Vegetable fibre'
http://data.silknow.org/object/c933a83e-1095-3465-a365-8c22498c075f,imatex,conserva els 2 voravius,'Vegetable fibre'
http://data.silknow.org/object/c9daa3a0-fdbb-3b7e-ab01-3b80fec40bfc,imatex,conserva 1 voraviu,'Vegetable fibre'
http://data.silknow.org/object/c9db6a3d-9221-3082-968d-40b4be74e821,imatex,conserva un voraviu,'Vegetable fibre'
http://data.silknow.org/object/cdd2504b-7d93-3ee1-817b-5969a5da1b95,imatex,conserva els 2 voravius (?),'Vegetable fibre'
http://data.silknow.org/object/ce5ba037-8818-3205-a463-f7ca5f22e550,imatex,conserva 1 voraviu?,'Vegetable fibre'
http://data.silknow.org/object/f0a76632-9f04-3c9a-9f72-f3b898e58859,imatex,conserva els 2 voravius,'Vegetable fibre'
http://data.silknow.org/object/c8052ae5-d6f3-3444-8979-7a5750bee535,imatex,"Faixa masculina de les denominades ""faixes de Kontusz""",'Vegetable fibre'
http://data.silknow.org/object/7884b8a0-80a2-3b43-aa1b-58e416292fab,imatex,conserva fragments dels 2 voravius,'Vegetable fibre'
http://data.silknow.org/object/7decb349-f40f-3aa7-b117-d8e800610562,imatex,"Fragment de teixit que correspon al conjunt del frontal d'altar (reg.4220) i collaret (reg.20894), amb el monograma de María envoltat d'ocells i lleons sobre un fons de decoració vegetal estilitzada",'Vegetable fibre'
http://data.silknow.org/object/2d456467-0cd6-3065-8d07-555ea349c9e9,imatex,"Banda que presenta un motiu vegetal estilitzat emmarcat per rombes, que es van repetin al llarg del teixit. El fons és de color cru i els elements són brodats en blau.",'Vegetable fibre'
http://data.silknow.org/object/2da4d941-f290-3021-8912-1c869418715e,imatex,conserva els 2 voravius,'Vegetable fibre'
http://data.silknow.org/object/2fbce1dd-557d-3e56-9cb0-317ec86805e4,imatex,conserva els 2 voravius,'Vegetable fibre'
http://data.silknow.org/object/3031db66-c1b9-3743-a83b-40251755e651,imatex,"Es tracta segurament d'un fragment de cobrellit, tapís de pared o d'un recobriment d'arca de fusta. Aquest tipus de teixits es feien en motiu de cerimonies importants.",'Vegetable fibre'
http://data.silknow.org/object/303f5265-db19-3f6b-823a-89d4fe47d35c,imatex,conserva restes de 1 voraviu,'Vegetable fibre'
http://data.silknow.org/object/31a6d8af-a584-33d6-9971-743627357b4b,imatex,conserva els 2 voravius,'Vegetable fibre'
http://data.silknow.org/object/31af711a-2c62-3c7c-8afb-055f966b9a04,imatex,Conserva els dos voravius,'Gold thread'
http://data.silknow.org/object/32476e4c-a274-3e41-8474-730fda573332,imatex,Fragment de banda que presenta una decoració central de motius vegetals estilitzats que es van repetint de forma simétrica. Està emmarcada per una petita sanefa d'elements també vegetals.,'Vegetable fibre'
http://data.silknow.org/object/325a153d-0d28-3cc2-8e36-f85363264899,imatex,conserva 1 voraviu,'Vegetable fibre'
http://data.silknow.org/object/32653c0f-c354-35c4-a2af-a67a669f0304,imatex,conserva 1 voraviu,'Vegetable fibre'
http://data.silknow.org/object/32bc64ce-80c9-3ed5-8727-b70e568de5b1,imatex,"Fragment de teixit que correspon al conjunt del frontal d'altar (reg.4220) i collaret (reg.20894), amb el monograma de María envoltat d'ocells i lleons sobre un fons de decoració vegetal estilitzada",'Vegetable fibre'
http://data.silknow.org/object/335b8698-3bf9-3377-a5ec-7ae379878b11,imatex,"conserva parts dels dos voravius, iguals als de peça núm.registre 20991",'Vegetable fibre'
http://data.silknow.org/object/33809a31-ac18-3eab-ad80-2947ee0c0d70,imatex,conserva 1 voraviu,'Vegetable fibre'
http://data.silknow.org/object/35a8d1d0-fea4-3f23-a376-e97d9aa801d9,imatex,Brocatell amb galó metàl·lic a tot el perímetre,'Vegetable fibre'
http://data.silknow.org/object/36afbb9c-433a-3c51-b48d-1b66b2ccc5a2,imatex,conserva 1 voraviu,'Vegetable fibre'
http://data.silknow.org/object/37cdc479-1dee-3377-b718-4c722d8ccb17,imatex,conserva 1 voraviu,'Silver thread'
http://data.silknow.org/object/3880c3dc-0209-3e20-a459-a328c160e661,imatex,"Fragment de banda rectangular que presenta com a decoració animals fantàstics afrontats, i la representacions del que segurament és l'arbre de la vida.",'Vegetable fibre'
http://data.silknow.org/object/394acf28-ab0a-392e-9980-b15738cb50e8,imatex,Pot ser part d'uns tirants,'Vegetable fibre'
http://data.silknow.org/object/39feb467-54f1-3a91-85f2-1f69c6cb1edd,imatex,"Fragment de banda que presenta una decoració central de motius vegetals, emmarcada per dues sanefes estretes amb elements també vegetals.",'Vegetable fibre'
http://data.silknow.org/object/3a34b27e-184f-3603-b532-1586ed2e173e,imatex,conserva 1 voraviu,'Vegetable fibre'
http://data.silknow.org/object/3c0474a0-8f3d-3639-a5bb-49ea55a15da1,imatex,conserva els 2 voravius?,'Vegetable fibre'
http://data.silknow.org/object/3c927327-6ed8-3e7e-b068-97e169e7982a,imatex,conserva fragments de 1 voraviu,'Vegetable fibre'
http://data.silknow.org/object/3d653cc8-4427-3d2a-bcba-89bde8138289,imatex,Fragment de banda que presenta una sanefa central amb decoració vegetal estilitzada. A dalt i a baix té una sanefa estreta amb motius geomètrics i vegetals.,'Vegetable fibre'
http://data.silknow.org/object/3e30921d-e6ed-3c47-aaad-ea6c2ccf74d4,imatex,"Fragment de banda formada per una sanefa central, emmarcada per dalt i per baix per una sanefa més estreta amb motius vegetals.·La sanefa central presenta dos ocells afrontats que flanquegen la representació del que podria ser l'arbre de la vida, alternant-se amb una altra representació de l'arbre de la vida. Aquests dos motius es van repetint al llarg del teixit.",'Vegetable fibre'
http://data.silknow.org/object/3e56ca67-db82-306d-89f7-75cfec7e966e,imatex,conserva 1 voraviu,'Vegetable fibre'
http://data.silknow.org/object/3f588de6-540d-3363-ac1b-59871bb95e0a,imatex,conserva 1 voraviu,'Vegetable fibre'
http://data.silknow.org/object/3f7383e9-a8db-3f73-b078-6a9c0b17da4e,imatex,conserva un dels voravius,'Gold thread'
http://data.silknow.org/object/412420cc-5917-33f1-8820-555e06541378,imatex,conserva 1 voraviu,'Vegetable fibre'
http://data.silknow.org/object/419f5a96-b8f0-361f-8ad1-286814c966ee,imatex,conserva 1 voraviu,'Vegetable fibre'
http://data.silknow.org/object/2bf247cf-ddb6-3abc-98c2-ff0f6646bf37,imatex,conserva 1 voraviu,'Vegetable fibre'
http://data.silknow.org/object/2b1993f4-62b9-33d2-864b-4400e1f8af9c,imatex,conserva 2 voravius,'Vegetable fibre'
http://data.silknow.org/object/2af61460-fc34-3c15-88ec-de9635ddb51b,imatex,conserva 1 voraviu,'Vegetable fibre'
http://data.silknow.org/object/2908b11f-6a93-33ff-98c6-5744f64cafd0,imatex,conserva 1 voraviu,'Vegetable fibre'
http://data.silknow.org/object/025d74f6-90e9-371a-8169-fc5d3295cf7c,imatex,conserva 1 voraviu,'Vegetable fibre'
http://data.silknow.org/object/02c29f65-c297-3454-81bb-5d9cc19bfbf0,imatex,"Fragment dividit en dos registres horitzontals de color verd, salmó i marró, a l'interior des quals es troba una decoració geomètrica realitzada en fil d'argent.",'Silver thread'
http://data.silknow.org/object/03fe23c8-597f-39c7-84c4-e717a9874f0e,imatex,conserva 1 voraviu,'Vegetable fibre'
http://data.silknow.org/object/04e99c28-50a1-3570-9db1-e4dee6ef3101,imatex,Fragment que segurament formava part d'una peça d'indumentària ja que inclou 2 traus.,'Vegetable fibre'
http://data.silknow.org/object/05ec59f8-09e8-3d1d-a972-04349005b7c2,imatex,conserva 2 voravius,'Vegetable fibre'
http://data.silknow.org/object/07526c3a-443b-365f-a701-476312733961,imatex,conserva 1 voraviu,'Vegetable fibre'
http://data.silknow.org/object/08b02de1-e2a8-35e9-a7a4-360895425ae5,imatex,conserva els 2 voravius,'Vegetable fibre'
http://data.silknow.org/object/097eff7d-4daa-3029-b5df-742995fb24e5,imatex,conserva 1 voraviu,'Vegetable fibre'
http://data.silknow.org/object/0c4983bd-c24e-3939-9fc3-6c7122df6755,imatex,conserva els 2 voravius,'Vegetable fibre'
http://data.silknow.org/object/10c8e29f-da14-306e-9c59-6020cd238ba2,imatex,conserva 1 voraviu,'Vegetable fibre'
http://data.silknow.org/object/11380e51-69fc-3306-b5dd-b7a51d1abef3,imatex,conserva 2 voravius,'Vegetable fibre'
http://data.silknow.org/object/130706bf-cad0-3b00-b405-476e775f45e4,imatex,conserva 1 voraviu?,'Vegetable fibre'
http://data.silknow.org/object/131caf02-3768-33f2-9fa7-6dd5447c8b7f,imatex,conserva 1 voraviu,'Vegetable fibre'
http://data.silknow.org/object/42c36d1a-5a07-3c95-b934-54e638dc7886,imatex,Teixit d'estil bizarre.,'Gold thread'
http://data.silknow.org/object/13623c74-e696-33a1-bc81-9ef8b48fe0d0,imatex,conserva 1 voraviu,'Vegetable fibre'
http://data.silknow.org/object/13ff9a93-4536-309e-b040-bf0c153b50ba,imatex,conserva 1 fragment de voraviu,'Vegetable fibre'
http://data.silknow.org/object/156ac9b8-8978-3597-9015-fc8109f68627,imatex,conserva els 2 voravius,'Vegetable fibre'
http://data.silknow.org/object/1821367b-7ae1-3a4c-9a9d-d4f6f319d371,imatex,conserva 1 dels voravius,'Gold thread'
http://data.silknow.org/object/1a6655d1-af27-3741-b5bf-898283e087d7,imatex,conserva fragments de voraviu,'Vegetable fibre'
http://data.silknow.org/object/1ac4e912-f459-3a1b-9ed3-be150517e489,imatex,conserva els 2 voravius,'Vegetable fibre'
http://data.silknow.org/object/1f0ffdd6-1ad7-3ed0-814d-5b980109d311,imatex,conserva 1 voraviu,'Vegetable fibre'
http://data.silknow.org/object/1f3896f6-8c59-3f16-9927-7ed10bbd0a94,imatex,conserva 2 voravius,'Vegetable fibre'
http://data.silknow.org/object/21905799-e6ff-355d-8d3b-67b7094895e6,imatex,conserva 1 voraviu,'Vegetable fibre'
http://data.silknow.org/object/2204944b-84ec-3491-ae8b-d43d7c14cc49,imatex,conserva 2 voravius,'Vegetable fibre'
http://data.silknow.org/object/22eae3bb-a014-3256-b3f2-a39eee2d3468,imatex,conserva 1 voraviu,'Vegetable fibre'
http://data.silknow.org/object/23770024-2390-31fa-9a36-672d29498508,imatex,conserva els 2 voravius,'Vegetable fibre'
http://data.silknow.org/object/238eebd8-3d51-3735-82d4-c82a985810bd,imatex,conserva 1 voraviu,'Vegetable fibre'
http://data.silknow.org/object/25c86170-976b-3ccb-93f1-e56cfa366847,imatex,conserva 1 voraviu,'Vegetable fibre'
http://data.silknow.org/object/26c42627-cb4b-3c17-8dba-7f08ad82e91d,imatex,conserva 1 voraviu,'Vegetable fibre'
http://data.silknow.org/object/7e2d8bb7-5ffc-3fe0-a130-1b7c8efca3ce,imatex,conserva 1 dels voravius,'Vegetable fibre'
http://data.silknow.org/object/45a8344d-4f83-3809-aeb5-31fceaedff47,imatex,conserva els 2 voravius,'Vegetable fibre'
http://data.silknow.org/object/466c55a2-b2ac-3d36-8bf3-ec05b4288710,imatex,conserva 1 voraviu,'Vegetable fibre'
http://data.silknow.org/object/5c5ec777-13a3-307d-ab56-4060ef27539e,imatex,conserva fragments de 1 voraviu?,'Vegetable fibre'
http://data.silknow.org/object/5c773104-bfee-374a-b0b5-d4f432e97128,imatex,conserva 1 voraviu,'Vegetable fibre'
http://data.silknow.org/object/5c912563-55e2-3ce8-ac5c-4d62284624e0,imatex,conserva els 2 voravius,'Vegetable fibre'
http://data.silknow.org/object/5d6faa9b-0b21-35c4-a2bf-e6379d3370aa,imatex,conserva 1 voraviu,'Vegetable fibre'
http://data.silknow.org/object/6673c907-47fa-3765-8089-3f4ffa8e1ca2,imatex,-conserva fragments dels voravius,'Vegetable fibre'
http://data.silknow.org/object/67efe716-61d5-34ab-acb9-55d99d6c404a,imatex,conserva els 2 voravius,'Vegetable fibre'
http://data.silknow.org/object/69de28a1-e8a6-356b-83aa-570f30431646,imatex,conserva voravius. ample de peça: 56 cm,'Silver thread'
http://data.silknow.org/object/6ab689fe-bebe-345a-b9d7-c00e752c89f1,imatex,Fragment de banda,'Vegetable fibre'
http://data.silknow.org/object/6b32b299-0847-30dd-ae2e-3647d50cc896,imatex,"conserva 1 voraviu
- foto dels revers de la peça",'Vegetable fibre'
http://data.silknow.org/object/6e24d041-8a08-3683-91d2-f27c111c5363,imatex,conserva 1 voraviu,'Vegetable fibre'
http://data.silknow.org/object/6eaf2cc7-b01a-3577-b970-667cd01bce45,imatex,conserva els 2 voravius,'Gold thread'
http://data.silknow.org/object/6f9971fb-40aa-3c05-8581-64e1c90c70d5,imatex,conserva fragments de 1 voraviu,'Vegetable fibre'
http://data.silknow.org/object/712ae0ff-68b1-3920-9efa-956157277ddd,imatex,"Decoració destinada a indumentària o parament litúrgic amb la representació alterna en sentit vertical, d'un serafí i del monograma de Crist.",'Vegetable fibre'
http://data.silknow.org/object/72c452be-a7eb-3922-9339-ec5afcdc1640,imatex,conserva 1 voravius,'Vegetable fibre'
http://data.silknow.org/object/7442fd68-6220-326f-94bd-3a5cfcdd67d2,imatex,conserva fragments de 1 voraviu,'Vegetable fibre'
http://data.silknow.org/object/749bed7e-29c3-3b15-bd9e-547d528f7196,imatex,conserva 1 voraviu,'Vegetable fibre'
http://data.silknow.org/object/75560780-d0f8-35a3-ac7f-9e95297b261e,imatex,"fragment de faixa masculina de les denominades  ""faixes de Kontusz""",'Silver thread'
http://data.silknow.org/object/76f1ed39-130e-3d01-9756-f60a69107695,imatex,"Adomassat bicolor, decoració de medallons de forma ogival que contenen en el seu interior parelles d'ocells enfrontades a un arbre de la vida. S'han representat corones en els punts de connexió de les cintes que formen els medallons.",'Vegetable fibre'
http://data.silknow.org/object/76f58eec-e9e4-3a0e-9acb-5572e1a989b2,imatex,conserva 1 voraviu,'Vegetable fibre'
http://data.silknow.org/object/76fc010a-9ceb-3e2c-8086-ea3a8013974d,imatex,conserva 1 voraviu,'Vegetable fibre'
http://data.silknow.org/object/772b63bb-31f5-3bd0-b769-e619de4ece78,imatex,conserva 1 dels voravius,'Gold thread'
http://data.silknow.org/object/775cb599-6e16-3241-a275-5d2d0cf4b170,imatex,Possible fragment de frontal d'altar que conté el monograma de María envoltat d'ocells i lleons sobre un fons de decoració vegetal estilitzada,'Vegetable fibre'
http://data.silknow.org/object/77a13356-073d-3759-b89c-c098c9db495b,imatex,conserva 1 voraviu,'Vegetable fibre'
http://data.silknow.org/object/fe87ddfe-868c-343e-937a-54008340d8dc,imatex,conserva els 2 voravius?,'Vegetable fibre'
http://data.silknow.org/object/79648e37-417d-343c-b825-d1312f9aacd7,imatex,conserva un dels voravius,'Gold thread'
http://data.silknow.org/object/7bea820c-82fc-3212-aad3-1c8c5e119a8b,imatex,conserva fragments del voraviu,'Vegetable fibre'
http://data.silknow.org/object/7c09b293-53cc-356f-98b0-22ceac610204,imatex,conserva 1 voraviu?,'Vegetable fibre'
http://data.silknow.org/object/7c128dff-9dbc-3e71-a0e7-7712ca323f7b,imatex,Teixit que per la seva forma devia ser part de l'estola d'un conjunt d'indumentària litúrgica.,'Vegetable fibre'
http://data.silknow.org/object/7dc0eb58-1585-3832-9c8c-9c8e2db0e084,imatex,conserva 1 dels voravius,'Vegetable fibre'
http://data.silknow.org/object/5b46e3ab-632f-326e-a24a-6aa574c66de3,imatex,conserva 1 voraviu,'Vegetable fibre'
http://data.silknow.org/object/5ad53d46-7fb8-3378-8e49-320b931a8af2,imatex,conserva un voraviu.,'Vegetable fibre'
http://data.silknow.org/object/5a8b6cc8-b157-32c1-8676-b1776c9c2e0e,imatex,conserva 1 voraviu,'Vegetable fibre'
http://data.silknow.org/object/47cb6c81-a3e0-3cc2-b363-e3e775b21f62,imatex,Fragment de banda rectangular que presenta com a decoració motius vegetals.,'Vegetable fibre'
http://data.silknow.org/object/484a508d-cda6-3eb2-a1a7-6046777246cf,imatex,conserva 1 voraviu,'Vegetable fibre'
http://data.silknow.org/object/48675470-ef6b-3225-8df5-a189432a4d6d,imatex,conserva 1 voraviu,'Vegetable fibre'
http://data.silknow.org/object/497b0668-4395-3548-8ce1-05fcb298e371,imatex,conserva els 2 voraviu,'Vegetable fibre'
http://data.silknow.org/object/4a12b952-2ae2-30d2-9ff1-522fe6ca35bd,imatex,conserva 1 voraviu,'Vegetable fibre'
http://data.silknow.org/object/4ab8a244-2bf7-3caa-b328-d12ccb13aea9,imatex,conserva un voraviu,'Vegetable fibre'
http://data.silknow.org/object/4b7280ee-5074-31c7-988a-472be58de9c9,imatex,Teixit que per la seva forma devia ser el collaret d'un conjunt d'indumentària litúrgica.,'Vegetable fibre'
http://data.silknow.org/object/4be37b27-1b06-3b6e-8aed-37eb73378894,imatex,conserva 1 voraviu,'Vegetable fibre'
http://data.silknow.org/object/4c3a2b44-24c9-37c8-aeb8-3e43c140a376,imatex,Teixit d\'estil bizarre.,'Gold thread'
http://data.silknow.org/object/4c699b06-4a4a-3ecd-922c-0afe39ac094c,imatex,conserva voravius,'Vegetable fibre'
http://data.silknow.org/object/4c6e959d-e4a9-3ee5-99b0-0d055de754c3,imatex,conserva voravius?,'Vegetable fibre'
http://data.silknow.org/object/4ee9031a-548a-3c3e-9632-c5fc7e919885,imatex,Conserva els dos voravius,'Vegetable fibre'
http://data.silknow.org/object/4ffaee1d-1383-3915-9f91-a0292f8cf1c0,imatex,conserva 1 voraviu,'Vegetable fibre'
http://data.silknow.org/object/50ac1328-8ff6-3882-ba97-161c16ebb82a,imatex,conserva 1 voraviu,'Vegetable fibre'
http://data.silknow.org/object/45de2c82-f2fb-334d-81eb-6275801930e9,imatex,"Escena amb la representació de la Mare de Déu inserida a una màndorla radiada en el moment previ a la seva Assumpció oferint el seu cíngol a sant Tomàs, acompanyen la escena àngels i serafins. Al centre del sepulcre es llegeix dins d’un medalló i en lletres capitals: “ASS / UNTA / EST”.",'Vegetable fibre'
http://data.silknow.org/object/512f0ece-5f63-393c-a1b7-685573507682,imatex,"teixit format per dos fragments units.
conserva els dos voravius",'Vegetable fibre'
http://data.silknow.org/object/51e304ab-39d0-3cb1-a21f-4858c3f9555f,imatex,conserva els 2 voravius,'Vegetable fibre'
http://data.silknow.org/object/51eadc5b-fb19-383e-a8bd-721150aa675d,imatex,conserva restes dels 2 voravius,'Vegetable fibre'
http://data.silknow.org/object/52477421-4d83-3dd8-8721-652618529e9b,imatex,conserva 1 voraviu,'Vegetable fibre'
http://data.silknow.org/object/53144d8a-77ae-3323-8e77-f4e7bfdb47d8,imatex,conserva 2 voravius,'Vegetable fibre'
http://data.silknow.org/object/53eba0c1-2678-3013-82ae-3e65030dd6bd,imatex,conserva els 2 voravius,'Vegetable fibre'
http://data.silknow.org/object/540f992b-da53-3217-9d02-40798a65d31e,imatex,conserva restes de 1 voraviu,'Vegetable fibre'
http://data.silknow.org/object/542c16f1-bc8a-395c-9cee-c1a885fab2b9,imatex,conserva 1 voraviu,'Vegetable fibre'
http://data.silknow.org/object/560d1f27-47e1-3f56-950b-114f665f6d5c,imatex,conserva els 2 voravius,'Vegetable fibre'
http://data.silknow.org/object/5714dcdd-2bd9-36dc-8c57-d2bea9936588,imatex,conserva els 2 voravius,'Vegetable fibre'
http://data.silknow.org/object/57d0fb9b-7d87-388d-a97d-d52f8f90dd7a,imatex,Fragment de banda rectangular que presenta com a decoració motius vegetals.,'Vegetable fibre'
http://data.silknow.org/object/583b30af-50fb-36ff-9b61-bf3107758248,imatex,conserva 1 voraviu,'Vegetable fibre'
http://data.silknow.org/object/59ad29c5-28a7-3be6-abf0-8d9242d96fa0,imatex,conserva els 2 voravius,'Vegetable fibre'
http://data.silknow.org/object/59ce96ce-478b-3717-bbd4-315f497b9e48,imatex,conserva 1 voraviu,'Vegetable fibre'
http://data.silknow.org/object/5a58e1b7-9d03-343e-8758-da4d98a94900,imatex,conserva 1 voraviu,'Vegetable fibre'
http://data.silknow.org/object/51774462-ee40-3311-98bf-8d70985ec001,imatex,"Es tracta segurament d'un fragment de cobrellit, tapís de pared o d'un recobriment d'arca de fusta. Aquest tipus de teixits es feien en motiu de cerimonies importants.",'Vegetable fibre'
http://data.silknow.org/object/feee9dda-9963-35ef-8089-5f04804eacce,imatex,conserva 1 voraviu,'Vegetable fibre'
